-- phpMyAdmin SQL Dump
-- version 5.2.0
-- https://www.phpmyadmin.net/
--
-- Host: 127.0.0.1
-- Generation Time: Jun 03, 2022 at 10:48 AM
-- Server version: 10.4.24-MariaDB
-- PHP Version: 8.0.19

SET SQL_MODE = "NO_AUTO_VALUE_ON_ZERO";
START TRANSACTION;
SET time_zone = "+00:00";


/*!40101 SET @OLD_CHARACTER_SET_CLIENT=@@CHARACTER_SET_CLIENT */;
/*!40101 SET @OLD_CHARACTER_SET_RESULTS=@@CHARACTER_SET_RESULTS */;
/*!40101 SET @OLD_COLLATION_CONNECTION=@@COLLATION_CONNECTION */;
/*!40101 SET NAMES utf8mb4 */;

--
-- Database: `e_commerce`
--

-- --------------------------------------------------------

--
-- Table structure for table `addresses`
--

CREATE TABLE `addresses` (
  `id` bigint(20) UNSIGNED NOT NULL,
  `street` varchar(32) NOT NULL,
  `building` int(11) NOT NULL,
  `flat` int(11) NOT NULL,
  `flot` int(11) NOT NULL,
  `note` text NOT NULL,
  `user_id` bigint(20) UNSIGNED NOT NULL,
  `region_id` bigint(20) UNSIGNED NOT NULL,
  `created_at` timestamp NOT NULL DEFAULT current_timestamp(),
  `updated_at` timestamp NULL DEFAULT NULL ON UPDATE current_timestamp()
) ENGINE=InnoDB DEFAULT CHARSET=utf8mb4;

-- --------------------------------------------------------

--
-- Table structure for table `admins`
--

CREATE TABLE `admins` (
  `id` bigint(20) UNSIGNED NOT NULL,
  `name` varchar(32) NOT NULL,
  `phone` varchar(11) NOT NULL,
  `email` varchar(320) NOT NULL,
  `password` varchar(255) NOT NULL,
  `status` tinyint(1) NOT NULL DEFAULT 1 COMMENT '1->active 0->not active',
  `phone_verified_at` timestamp NULL DEFAULT NULL,
  `email_verified_at` timestamp NULL DEFAULT NULL,
  `created_at` timestamp NOT NULL DEFAULT current_timestamp(),
  `updated_at` timestamp NULL DEFAULT NULL ON UPDATE current_timestamp()
) ENGINE=InnoDB DEFAULT CHARSET=utf8mb4;

-- --------------------------------------------------------

--
-- Table structure for table `adresses`
--

CREATE TABLE `adresses` (
  `id` bigint(20) UNSIGNED NOT NULL,
  `building` varchar(32) NOT NULL,
  `street` varchar(32) NOT NULL,
  `floor` tinyint(2) UNSIGNED NOT NULL,
  `flat` tinyint(3) UNSIGNED NOT NULL,
  `region_id` bigint(20) UNSIGNED NOT NULL,
  `user_id` bigint(20) UNSIGNED NOT NULL,
  `notes` mediumtext NOT NULL,
  `created_at` timestamp NOT NULL DEFAULT current_timestamp(),
  `updated_at` timestamp NULL DEFAULT NULL ON UPDATE current_timestamp()
) ENGINE=InnoDB DEFAULT CHARSET=utf8mb4;

-- --------------------------------------------------------

--
-- Table structure for table `brands`
--

CREATE TABLE `brands` (
  `id` bigint(20) UNSIGNED NOT NULL,
  `name_ar` varchar(32) NOT NULL,
  `name_en` varchar(32) NOT NULL,
  `status` tinyint(1) NOT NULL DEFAULT 1 COMMENT '1-->active\r\n0-->not active',
  `image` varchar(64) NOT NULL DEFAULT 'default.png',
  `created_at` timestamp NOT NULL DEFAULT current_timestamp(),
  `updated_at` timestamp NULL DEFAULT NULL ON UPDATE current_timestamp()
) ENGINE=InnoDB DEFAULT CHARSET=utf8mb4;

--
-- Dumping data for table `brands`
--

INSERT INTO `brands` (`id`, `name_ar`, `name_en`, `status`, `image`, `created_at`, `updated_at`) VALUES
(1, 'لينوفو', 'lenovo', 1, 'default.png', '2022-05-31 16:37:02', NULL),
(2, 'ديل', 'DELL', 1, 'default.png', '2022-05-31 16:37:36', NULL),
(3, 'سامسونج', 'samsung', 1, 'default.png', '2022-05-31 16:39:43', NULL),
(4, 'ابل', 'apple', 1, 'default.png', '2022-05-31 16:39:43', NULL),
(5, 'شاومى', 'xiaomi', 1, 'default.png', '2022-05-31 16:39:43', NULL),
(6, 'دومتى', 'domty', 1, 'default.png', '2022-05-31 16:39:43', NULL),
(7, 'شيبسى', 'chepse', 1, 'default.png', '2022-05-31 17:17:43', NULL),
(8, 'بيبسى', 'pepsi', 1, 'default.png', '2022-05-31 17:17:43', NULL);

-- --------------------------------------------------------

--
-- Table structure for table `carts`
--

CREATE TABLE `carts` (
  `product_id` bigint(20) UNSIGNED NOT NULL,
  `user_id` bigint(20) UNSIGNED NOT NULL,
  `quantity` tinyint(3) NOT NULL
) ENGINE=InnoDB DEFAULT CHARSET=utf8mb4;

-- --------------------------------------------------------

--
-- Table structure for table `categories`
--

CREATE TABLE `categories` (
  `id` bigint(20) UNSIGNED NOT NULL,
  `name_ar` varchar(32) NOT NULL,
  `name_en` varchar(32) NOT NULL,
  `status` tinyint(1) NOT NULL DEFAULT 1 COMMENT '1-->active 0-->not active',
  `image` varchar(64) NOT NULL DEFAULT 'default.png',
  `created_at` timestamp NOT NULL DEFAULT current_timestamp(),
  `updated_at` timestamp NULL DEFAULT NULL ON UPDATE current_timestamp()
) ENGINE=InnoDB DEFAULT CHARSET=utf8mb4;

--
-- Dumping data for table `categories`
--

INSERT INTO `categories` (`id`, `name_ar`, `name_en`, `status`, `image`, `created_at`, `updated_at`) VALUES
(1, 'الكترونيات', 'electronics', 1, 'default.png', '2022-05-31 16:41:46', NULL),
(2, 'مواد غذائية', 'food', 1, 'default.png', '2022-05-31 16:41:46', NULL);

-- --------------------------------------------------------

--
-- Table structure for table `cities`
--

CREATE TABLE `cities` (
  `id` bigint(20) UNSIGNED NOT NULL,
  `name_ar` varchar(32) NOT NULL,
  `name_en` varchar(32) NOT NULL,
  `status` tinyint(1) NOT NULL DEFAULT 1 COMMENT '1->active 0->not active',
  `lat` smallint(3) UNSIGNED NOT NULL,
  `longitude` smallint(3) UNSIGNED NOT NULL,
  `distance` tinyint(3) UNSIGNED NOT NULL,
  `created_at` timestamp NOT NULL DEFAULT current_timestamp(),
  `updated_at` timestamp NULL DEFAULT NULL ON UPDATE current_timestamp()
) ENGINE=InnoDB DEFAULT CHARSET=utf8mb4;

-- --------------------------------------------------------

--
-- Table structure for table `complains_replies`
--

CREATE TABLE `complains_replies` (
  `id` bigint(20) UNSIGNED NOT NULL,
  `message` text NOT NULL,
  `user_id` bigint(20) UNSIGNED NOT NULL,
  `reply_id` bigint(20) UNSIGNED DEFAULT NULL,
  `created_at` timestamp NOT NULL DEFAULT current_timestamp(),
  `updated_at` timestamp NULL DEFAULT NULL ON UPDATE current_timestamp()
) ENGINE=InnoDB DEFAULT CHARSET=utf8mb4;

-- --------------------------------------------------------

--
-- Table structure for table `coupons`
--

CREATE TABLE `coupons` (
  `id` bigint(20) UNSIGNED NOT NULL,
  `status` tinyint(1) NOT NULL DEFAULT 1 COMMENT '1-->active 0-->not active',
  `code` varchar(20) NOT NULL,
  `discount` decimal(7,2) UNSIGNED NOT NULL,
  `discount_type` varchar(64) NOT NULL,
  `max_discount_value` decimal(7,2) UNSIGNED NOT NULL,
  `min_order_price` decimal(7,2) UNSIGNED NOT NULL,
  `max_number_of_usage` smallint(3) UNSIGNED NOT NULL,
  `max_number_of_usage_per_user` tinyint(2) UNSIGNED NOT NULL,
  `start_datetime` timestamp NULL DEFAULT NULL,
  `end_datetime` timestamp NULL DEFAULT NULL,
  `created_at` timestamp NOT NULL DEFAULT current_timestamp(),
  `updated_at` timestamp NULL DEFAULT NULL ON UPDATE current_timestamp()
) ENGINE=InnoDB DEFAULT CHARSET=utf8mb4;

-- --------------------------------------------------------

--
-- Table structure for table `favs`
--

CREATE TABLE `favs` (
  `user_id` bigint(20) UNSIGNED NOT NULL,
  `product_id` bigint(20) UNSIGNED NOT NULL
) ENGINE=InnoDB DEFAULT CHARSET=utf8mb4;

-- --------------------------------------------------------

--
-- Table structure for table `offers`
--

CREATE TABLE `offers` (
  `id` bigint(20) UNSIGNED NOT NULL,
  `title_ar` varchar(320) NOT NULL,
  `title_en` varchar(320) NOT NULL,
  `image` varchar(64) NOT NULL DEFAULT 'default.png',
  `discount` decimal(7,2) UNSIGNED NOT NULL,
  `discount_type` decimal(7,2) NOT NULL,
  `start_datetime` timestamp NULL DEFAULT NULL,
  `end_datetime` timestamp NULL DEFAULT NULL,
  `created_at` timestamp NOT NULL DEFAULT current_timestamp(),
  `updated_at` timestamp NULL DEFAULT NULL
) ENGINE=InnoDB DEFAULT CHARSET=utf8mb4;

-- --------------------------------------------------------

--
-- Table structure for table `orders`
--

CREATE TABLE `orders` (
  `id` bigint(20) UNSIGNED NOT NULL,
  `code` varchar(20) NOT NULL,
  `status` tinyint(1) NOT NULL DEFAULT 1 COMMENT '1-->active 0-->not active',
  `total_price` decimal(7,2) UNSIGNED NOT NULL,
  `payment_method` enum('credit','debit') NOT NULL,
  `adress_id` bigint(20) UNSIGNED NOT NULL,
  `coupon_id` bigint(20) UNSIGNED DEFAULT NULL,
  `delivered_at` timestamp NULL DEFAULT NULL,
  `created_at` timestamp NOT NULL DEFAULT current_timestamp(),
  `updated_at` timestamp NULL DEFAULT NULL ON UPDATE current_timestamp()
) ENGINE=InnoDB DEFAULT CHARSET=utf8mb4;

-- --------------------------------------------------------

--
-- Table structure for table `orders_products`
--

CREATE TABLE `orders_products` (
  `order_id` bigint(20) UNSIGNED NOT NULL,
  `product_id` bigint(20) UNSIGNED NOT NULL,
  `price` decimal(10,0) NOT NULL,
  `quantity` int(11) NOT NULL
) ENGINE=InnoDB DEFAULT CHARSET=utf8mb4;

-- --------------------------------------------------------

--
-- Table structure for table `products`
--

CREATE TABLE `products` (
  `id` bigint(20) UNSIGNED NOT NULL,
  `name_ar` varchar(512) NOT NULL,
  `name_en` varchar(512) NOT NULL,
  `details_ar` mediumtext NOT NULL,
  `details_en` mediumtext NOT NULL,
  `code` varchar(6) NOT NULL,
  `quantity` tinyint(3) NOT NULL DEFAULT 1,
  `status` tinyint(1) NOT NULL COMMENT '1-->active\r\n0-->not active',
  `price` decimal(7,2) UNSIGNED NOT NULL,
  `image` varchar(512) NOT NULL,
  `brand_id` bigint(20) UNSIGNED NOT NULL,
  `subcategory_id` bigint(20) UNSIGNED NOT NULL,
  `created_at` timestamp NOT NULL DEFAULT current_timestamp(),
  `updated_at` timestamp NULL DEFAULT NULL ON UPDATE current_timestamp()
) ENGINE=InnoDB DEFAULT CHARSET=utf8mb4;

--
-- Dumping data for table `products`
--

INSERT INTO `products` (`id`, `name_ar`, `name_en`, `details_ar`, `details_en`, `code`, `quantity`, `status`, `price`, `image`, `brand_id`, `subcategory_id`, `created_at`, `updated_at`) VALUES
(1, 'زجاجة بيبسى 2 لتر', '2 litre bottle', 'لوريم إيبسوم(Lorem Ipsum) هو ببساطة نص شكلي (بمعنى أن الغاية هي الشكل وليس المحتوى) ويُستخدم في صناعات المطابع ودور النشر. كان لوريم إيبسوم ولايزال المعيار للنص الشكلي منذ القرن الخامس عشر عندما قامت مطبعة مجهولة برص مجموعة من الأحرف بشكل عشوائي أخذتها من نص، لتكوّن كتيّب بمثابة دليل أو مرجع شكلي لهذه الأحرف. خمسة قرون من الزمن لم تقضي على هذا النص، بل انه حتى صار مستخدماً وبشكله الأصلي في الطباعة والتنضيد الإلكتروني. انتشر بشكل كبير في ستينيّات هذا القرن مع إصدار رقائق \"ليتراسيت\" (Letraset) البلاستيكية تحوي مقاطع من هذا النص، وعاد لينتشر مرة أخرى مؤخراَ مع ظهور برامج النشر الإلكتروني مثل \"ألدوس بايج مايكر\" (Aldus PageMaker) والتي حوت أيضاً على نسخ من نص لوريم إيبسوم.', 'It is a long established fact that a reader will be distracted by the readable content of a page when looking at its layout. The point of using Lorem Ipsum is that it has a more-or-less normal distribution of letters, as opposed to using \'Content here, content here\', making it look like readable English. Many desktop publishing packages and web page editors now use Lorem Ipsum as their default model text, and a search for \'lorem ipsum\' will uncover many web sites still in their infancy. Various versions have evolved over the years, sometimes by accident, sometimes on purpose (injected humour and the like).', '1', 100, 1, '15.00', '', 8, 4, '2022-05-31 17:22:09', NULL),
(2, 'شاشة 65 بوصة', '65 inch led', 'لوريم إيبسوم(Lorem Ipsum) هو ببساطة نص شكلي (بمعنى أن الغاية هي الشكل وليس المحتوى) ويُستخدم في صناعات المطابع ودور النشر. كان لوريم إيبسوم ولايزال المعيار للنص الشكلي منذ القرن الخامس عشر عندما قامت مطبعة مجهولة برص مجموعة من الأحرف بشكل عشوائي أخذتها من نص، لتكوّن كتيّب بمثابة دليل أو مرجع شكلي لهذه الأحرف. خمسة قرون من الزمن لم تقضي على هذا النص، بل انه حتى صار مستخدماً وبشكله الأصلي في الطباعة والتنضيد الإلكتروني. انتشر بشكل كبير في ستينيّات هذا القرن مع إصدار رقائق \"ليتراسيت\" (Letraset) البلاستيكية تحوي مقاطع من هذا النص، وعاد لينتشر مرة أخرى مؤخراَ مع ظهور برامج النشر الإلكتروني مثل \"ألدوس بايج مايكر\" (Aldus PageMaker) والتي حوت أيضاً على نسخ من نص لوريم إيبسوم.', 'It is a long established fact that a reader will be distracted by the readable content of a page when looking at its layout. The point of using Lorem Ipsum is that it has a more-or-less normal distribution of letters, as opposed to using \'Content here, content here\', making it look like readable English. Many desktop publishing packages and web page editors now use Lorem Ipsum as their default model text, and a search for \'lorem ipsum\' will uncover many web sites still in their infancy. Various versions have evolved over the years, sometimes by accident, sometimes on purpose (injected humour and the like).', '2', 100, 1, '20000.00', '', 3, 3, '2022-05-31 17:26:43', NULL),
(3, 'لابتوب لينوفو ', 'lenovo laptop ', 'لوريم إيبسوم(Lorem Ipsum) هو ببساطة نص شكلي (بمعنى أن الغاية هي الشكل وليس المحتوى) ويُستخدم في صناعات المطابع ودور النشر. كان لوريم إيبسوم ولايزال المعيار للنص الشكلي منذ القرن الخامس عشر عندما قامت مطبعة مجهولة برص مجموعة من الأحرف بشكل عشوائي أخذتها من نص، لتكوّن كتيّب بمثابة دليل أو مرجع شكلي لهذه الأحرف. خمسة قرون من الزمن لم تقضي على هذا النص، بل انه حتى صار مستخدماً وبشكله الأصلي في الطباعة والتنضيد الإلكتروني. انتشر بشكل كبير في ستينيّات هذا القرن مع إصدار رقائق \"ليتراسيت\" (Letraset) البلاستيكية تحوي مقاطع من هذا النص، وعاد لينتشر مرة أخرى مؤخراَ مع ظهور برامج النشر الإلكتروني مثل \"ألدوس بايج مايكر\" (Aldus PageMaker) والتي حوت أيضاً على نسخ من نص لوريم إيبسوم.', 'It is a long established fact that a reader will be distracted by the readable content of a page when looking at its layout. The point of using Lorem Ipsum is that it has a more-or-less normal distribution of letters, as opposed to using \'Content here, content here\', making it look like readable English. Many desktop publishing packages and web page editors now use Lorem Ipsum as their default model text, and a search for \'lorem ipsum\' will uncover many web sites still in their infancy. Various versions have evolved over the years, sometimes by accident, sometimes on purpose (injected humour and the like).', '3', 1, 1, '11000.00', 'C:\\xampp\\htdocs\\NTI_COURSE\\b18\\mydashboard\\public\\dist\\img\\products\\laptop.jpg', 1, 1, '2022-05-31 17:26:43', '2022-06-01 00:14:15'),
(4, 'شاومى نوت 9', 'not 9 s', 'لوريم إيبسوم(Lorem Ipsum) هو ببساطة نص شكلي (بمعنى أن الغاية هي الشكل وليس المحتوى) ويُستخدم في صناعات المطابع ودور النشر. كان لوريم إيبسوم ولايزال المعيار للنص الشكلي منذ القرن الخامس عشر عندما قامت مطبعة مجهولة برص مجموعة من الأحرف بشكل عشوائي أخذتها من نص، لتكوّن كتيّب بمثابة دليل أو مرجع شكلي لهذه الأحرف. خمسة قرون من الزمن لم تقضي على هذا النص، بل انه حتى صار مستخدماً وبشكله الأصلي في الطباعة والتنضيد الإلكتروني. انتشر بشكل كبير في ستينيّات هذا القرن مع إصدار رقائق \"ليتراسيت\" (Letraset) البلاستيكية تحوي مقاطع من هذا النص، وعاد لينتشر مرة أخرى مؤخراَ مع ظهور برامج النشر الإلكتروني مثل \"ألدوس بايج مايكر\" (Aldus PageMaker) والتي حوت أيضاً على نسخ من نص لوريم إيبسوم.', 'It is a long established fact that a reader will be distracted by the readable content of a page when looking at its layout. The point of using Lorem Ipsum is that it has a more-or-less normal distribution of letters, as opposed to using \'Content here, content here\', making it look like readable English. Many desktop publishing packages and web page editors now use Lorem Ipsum as their default model text, and a search for \'lorem ipsum\' will uncover many web sites still in their infancy. Various versions have evolved over the years, sometimes by accident, sometimes on purpose (injected humour and the like).', '4', 60, 1, '4000.00', '', 5, 2, '2022-05-31 19:19:31', NULL),
(5, 'علبة جبنة 250 جرام', '250 gm cheese', 'لوريم إيبسوم(Lorem Ipsum) هو ببساطة نص شكلي (بمعنى أن الغاية هي الشكل وليس المحتوى) ويُستخدم في صناعات المطابع ودور النشر. كان لوريم إيبسوم ولايزال المعيار للنص الشكلي منذ القرن الخامس عشر عندما قامت مطبعة مجهولة برص مجموعة من الأحرف بشكل عشوائي أخذتها من نص، لتكوّن كتيّب بمثابة دليل أو مرجع شكلي لهذه الأحرف. خمسة قرون من الزمن لم تقضي على هذا النص، بل انه حتى صار مستخدماً وبشكله الأصلي في الطباعة والتنضيد الإلكتروني. انتشر بشكل كبير في ستينيّات هذا القرن مع إصدار رقائق \"ليتراسيت\" (Letraset) البلاستيكية تحوي مقاطع من هذا النص، وعاد لينتشر مرة أخرى مؤخراَ مع ظهور برامج النشر الإلكتروني مثل \"ألدوس بايج مايكر\" (Aldus PageMaker) والتي حوت أيضاً على نسخ من نص لوريم إيبسوم.', 'It is a long established fact that a reader will be distracted by the readable content of a page when looking at its layout. The point of using Lorem Ipsum is that it has a more-or-less normal distribution of letters, as opposed to using \'Content here, content here\', making it look like readable English. Many desktop publishing packages and web page editors now use Lorem Ipsum as their default model text, and a search for \'lorem ipsum\' will uncover many web sites still in their infancy. Various versions have evolved over the years, sometimes by accident, sometimes on purpose (injected humour and the like).', '5', 1, 1, '5.00', '', 6, 5, '2022-05-31 19:19:31', NULL),
(6, 'ايفون 13', 'iphone 13', 'لوريم إيبسوم(Lorem Ipsum) هو ببساطة نص شكلي (بمعنى أن الغاية هي الشكل وليس المحتوى) ويُستخدم في صناعات المطابع ودور النشر. كان لوريم إيبسوم ولايزال المعيار للنص الشكلي منذ القرن الخامس عشر عندما قامت مطبعة مجهولة برص مجموعة من الأحرف بشكل عشوائي أخذتها من نص، لتكوّن كتيّب بمثابة دليل أو مرجع شكلي لهذه الأحرف. خمسة قرون من الزمن لم تقضي على هذا النص، بل انه حتى صار مستخدماً وبشكله الأصلي في الطباعة والتنضيد الإلكتروني. انتشر بشكل كبير في ستينيّات هذا القرن مع إصدار رقائق \"ليتراسيت\" (Letraset) البلاستيكية تحوي مقاطع من هذا النص، وعاد لينتشر مرة أخرى مؤخراَ مع ظهور برامج النشر الإلكتروني مثل \"ألدوس بايج مايكر\" (Aldus PageMaker) والتي حوت أيضاً على نسخ من نص لوريم إيبسوم.', 'It is a long established fact that a reader will be distracted by the readable content of a page when looking at its layout. The point of using Lorem Ipsum is that it has a more-or-less normal distribution of letters, as opposed to using \'Content here, content here\', making it look like readable English. Many desktop publishing packages and web page editors now use Lorem Ipsum as their default model text, and a search for \'lorem ipsum\' will uncover many web sites still in their infancy. Various versions have evolved over the years, sometimes by accident, sometimes on purpose (injected humour and the like).', '6', 50, 1, '23000.00', '', 4, 2, '2022-05-31 19:19:31', NULL),
(7, 'لابتوب ديل', 'dell laptop', 'لوريم إيبسوم(Lorem Ipsum) هو ببساطة نص شكلي (بمعنى أن الغاية هي الشكل وليس المحتوى) ويُستخدم في صناعات المطابع ودور النشر. كان لوريم إيبسوم ولايزال المعيار للنص الشكلي منذ القرن الخامس عشر عندما قامت مطبعة مجهولة برص مجموعة من الأحرف بشكل عشوائي أخذتها من نص، لتكوّن كتيّب بمثابة دليل أو مرجع شكلي لهذه الأحرف. خمسة قرون من الزمن لم تقضي على هذا النص، بل انه حتى صار مستخدماً وبشكله الأصلي في الطباعة والتنضيد الإلكتروني. انتشر بشكل كبير في ستينيّات هذا القرن مع إصدار رقائق \"ليتراسيت\" (Letraset) البلاستيكية تحوي مقاطع من هذا النص، وعاد لينتشر مرة أخرى مؤخراَ مع ظهور برامج النشر الإلكتروني مثل \"ألدوس بايج مايكر\" (Aldus PageMaker) والتي حوت أيضاً على نسخ من نص لوريم إيبسوم.', 'It is a long established fact that a reader will be distracted by the readable content of a page when looking at its layout. The point of using Lorem Ipsum is that it has a more-or-less normal distribution of letters, as opposed to using \'Content here, content here\', making it look like readable English. Many desktop publishing packages and web page editors now use Lorem Ipsum as their default model text, and a search for \'lorem ipsum\' will uncover many web sites still in their infancy. Various versions have evolved over the years, sometimes by accident, sometimes on purpose (injected humour and the like).', '7', 1, 0, '0.00', '', 2, 1, '2022-05-31 19:19:31', NULL),
(8, 'كيس شيبسى', 'chepsi', 'لوريم إيبسوم(Lorem Ipsum) هو ببساطة نص شكلي (بمعنى أن الغاية هي الشكل وليس المحتوى) ويُستخدم في صناعات المطابع ودور النشر. كان لوريم إيبسوم ولايزال المعيار للنص الشكلي منذ القرن الخامس عشر عندما قامت مطبعة مجهولة برص مجموعة من الأحرف بشكل عشوائي أخذتها من نص، لتكوّن كتيّب بمثابة دليل أو مرجع شكلي لهذه الأحرف. خمسة قرون من الزمن لم تقضي على هذا النص، بل انه حتى صار مستخدماً وبشكله الأصلي في الطباعة والتنضيد الإلكتروني. انتشر بشكل كبير في ستينيّات هذا القرن مع إصدار رقائق \"ليتراسيت\" (Letraset) البلاستيكية تحوي مقاطع من هذا النص، وعاد لينتشر مرة أخرى مؤخراَ مع ظهور برامج النشر الإلكتروني مثل \"ألدوس بايج مايكر\" (Aldus PageMaker) والتي حوت أيضاً على نسخ من نص لوريم إيبسوم.', 'It is a long established fact that a reader will be distracted by the readable content of a page when looking at its layout. The point of using Lorem Ipsum is that it has a more-or-less normal distribution of letters, as opposed to using \'Content here, content here\', making it look like readable English. Many desktop publishing packages and web page editors now use Lorem Ipsum as their default model text, and a search for \'lorem ipsum\' will uncover many web sites still in their infancy. Various versions have evolved over the years, sometimes by accident, sometimes on purpose (injected humour and the like).', '8', 60, 1, '10.00', '', 7, 4, '2022-05-31 19:24:28', NULL),
(13, 'تلفزيون 43 بوصة', '43 inch tv', 'Lorem Ipsum is simply dummy text of the printing and typesetting industry. Lorem Ipsum has been the industry\'s standard dummy text ever since the 1500s, when an unknown printer took a galley of type and scrambled it to make a type specimen book. It has survived not only five centuries, but also the leap into electronic typesetting, remaining essentially unchanged. It was popularised in the 1960s with the release of Letraset sheets containing Lorem Ipsum passages, and more recently with desktop publishing software like Aldus PageMaker including versions of Lorem Ipsum.', 'Lorem Ipsum is simply dummy text of the printing and typesetting industry. Lorem Ipsum has been the industry\'s standard dummy text ever since the 1500s, when an unknown printer took a galley of type and scrambled it to make a type specimen book. It has survived not only five centuries, but also the leap into electronic typesetting, remaining essentially unchanged. It was popularised in the 1960s with the release of Letraset sheets containing Lorem Ipsum passages, and more recently with desktop publishing software like Aldus PageMaker including versions of Lorem Ipsum.', '123456', 55, 1, '15555.00', 'YpRs1v0yF9BMwCl0IZyPI32x9zb5hP0VaTVgBrx2.jpg.jpg', 3, 3, '2022-06-03 08:19:32', NULL);

-- --------------------------------------------------------

--
-- Table structure for table `products_offers`
--

CREATE TABLE `products_offers` (
  `offer_id` bigint(20) UNSIGNED NOT NULL,
  `product_id` bigint(20) UNSIGNED NOT NULL,
  `price_after_discount` decimal(7,2) UNSIGNED NOT NULL
) ENGINE=InnoDB DEFAULT CHARSET=utf8mb4;

-- --------------------------------------------------------

--
-- Table structure for table `products_orders`
--

CREATE TABLE `products_orders` (
  `order_id` bigint(20) UNSIGNED NOT NULL,
  `product_id` bigint(20) UNSIGNED NOT NULL,
  `quantity` smallint(3) UNSIGNED NOT NULL,
  `price` decimal(7,2) UNSIGNED NOT NULL
) ENGINE=InnoDB DEFAULT CHARSET=utf8mb4;

-- --------------------------------------------------------

--
-- Table structure for table `products_specs`
--

CREATE TABLE `products_specs` (
  `spec_id` bigint(20) UNSIGNED NOT NULL,
  `product_id` bigint(20) UNSIGNED NOT NULL,
  `value` varchar(255) NOT NULL
) ENGINE=InnoDB DEFAULT CHARSET=utf8mb4;

-- --------------------------------------------------------

--
-- Stand-in structure for view `product_details`
-- (See below for the actual view)
--
CREATE TABLE `product_details` (
`id` bigint(20) unsigned
,`name_en` varchar(512)
,`name_ar` varchar(512)
,`details_en` mediumtext
,`details_ar` mediumtext
,`code` varchar(6)
,`quantity` tinyint(3)
,`status` tinyint(1)
,`price` decimal(7,2) unsigned
,`image` varchar(512)
,`subcategory_id` bigint(20) unsigned
,`brand_id` bigint(20) unsigned
,`created_at` timestamp
,`updated_at` timestamp
,`subcategory_name_en` varchar(32)
,`categories_name_en` varchar(32)
,`category_id` bigint(20) unsigned
,`brands_name_en` varchar(32)
);

-- --------------------------------------------------------

--
-- Table structure for table `regions`
--

CREATE TABLE `regions` (
  `id` bigint(20) UNSIGNED NOT NULL,
  `name_ar` varchar(32) NOT NULL,
  `name_en` varchar(32) NOT NULL,
  `status` tinyint(1) NOT NULL DEFAULT 1 COMMENT '1->active 0->not active',
  `lat` smallint(3) UNSIGNED NOT NULL,
  `longitude` smallint(3) UNSIGNED NOT NULL,
  `distance` tinyint(3) UNSIGNED NOT NULL,
  `city_id` bigint(20) UNSIGNED NOT NULL,
  `created_at` timestamp NOT NULL DEFAULT current_timestamp(),
  `updated_at` timestamp NULL DEFAULT NULL ON UPDATE current_timestamp()
) ENGINE=InnoDB DEFAULT CHARSET=utf8mb4;

-- --------------------------------------------------------

--
-- Table structure for table `reviews`
--

CREATE TABLE `reviews` (
  `user_id` bigint(20) UNSIGNED NOT NULL,
  `product_id` bigint(20) UNSIGNED NOT NULL,
  `rate` tinyint(1) NOT NULL DEFAULT 0 COMMENT 'rate from 1 to 5',
  `comment` text DEFAULT NULL,
  `created_at` timestamp NOT NULL DEFAULT current_timestamp(),
  `updated_at` timestamp NULL DEFAULT NULL ON UPDATE current_timestamp()
) ENGINE=InnoDB DEFAULT CHARSET=utf8mb4;

-- --------------------------------------------------------

--
-- Table structure for table `specs`
--

CREATE TABLE `specs` (
  `id` bigint(20) UNSIGNED NOT NULL,
  `name` varchar(255) NOT NULL
) ENGINE=InnoDB DEFAULT CHARSET=utf8mb4;

-- --------------------------------------------------------

--
-- Table structure for table `subcategories`
--

CREATE TABLE `subcategories` (
  `id` bigint(20) UNSIGNED NOT NULL,
  `name_ar` varchar(32) NOT NULL,
  `name_en` varchar(32) NOT NULL,
  `status` tinyint(1) NOT NULL DEFAULT 1,
  `image` varchar(64) NOT NULL DEFAULT 'default.png' COMMENT '1-->active 0-->not active',
  `category_id` bigint(20) UNSIGNED NOT NULL,
  `created_at` timestamp NOT NULL DEFAULT current_timestamp(),
  `updated_at` timestamp NULL DEFAULT NULL ON UPDATE current_timestamp()
) ENGINE=InnoDB DEFAULT CHARSET=utf8mb4;

--
-- Dumping data for table `subcategories`
--

INSERT INTO `subcategories` (`id`, `name_ar`, `name_en`, `status`, `image`, `category_id`, `created_at`, `updated_at`) VALUES
(1, 'لابتوبات ', 'laptops', 1, 'default.png', 1, '2022-05-31 17:13:31', NULL),
(2, 'موبايلات', 'mobiles', 1, 'default.png', 1, '2022-05-31 17:13:31', NULL),
(3, 'تلفزيونات', 'TV', 1, 'default.png', 1, '2022-05-31 17:13:31', NULL),
(4, 'سناكس', 'snacks', 1, 'default.png', 2, '2022-05-31 17:13:31', NULL),
(5, 'جبن', 'cheese', 1, 'default.png', 2, '2022-05-31 17:13:31', NULL);

-- --------------------------------------------------------

--
-- Table structure for table `users`
--

CREATE TABLE `users` (
  `id` bigint(20) UNSIGNED NOT NULL,
  `first_name` varchar(32) NOT NULL,
  `last_name` varchar(32) NOT NULL,
  `email` varchar(320) NOT NULL,
  `phone` varchar(11) NOT NULL,
  `password` varchar(255) NOT NULL,
  `code` int(6) DEFAULT NULL,
  `gender` enum('male','female') NOT NULL,
  `image` varchar(64) NOT NULL DEFAULT 'default.png',
  `email_verified_at` timestamp NULL DEFAULT NULL,
  `phone_verified_at` timestamp NULL DEFAULT NULL,
  `created_at` timestamp NOT NULL DEFAULT current_timestamp(),
  `updated_at` timestamp NULL DEFAULT NULL ON UPDATE current_timestamp()
) ENGINE=InnoDB DEFAULT CHARSET=utf8mb4;

--
-- Dumping data for table `users`
--

INSERT INTO `users` (`id`, `first_name`, `last_name`, `email`, `phone`, `password`, `code`, `gender`, `image`, `email_verified_at`, `phone_verified_at`, `created_at`, `updated_at`) VALUES
(24, 'mohamed', 'abdelrahman', 'mhmd@gamil.com', '01014896880', '01004411210', NULL, 'male', 'default.png', NULL, NULL, '2022-05-25 14:26:40', NULL),
(26, 'shosho', 'hassan', 'shosho@gmail.com', '01022600413', '12345678a', NULL, 'female', 'default.png', NULL, NULL, '2022-05-25 14:28:44', NULL),
(27, 'ahmed', 'hassan', 'ahmed@gmail.com', '01022500415', '1234567r', NULL, 'male', 'default.png', NULL, NULL, '2022-05-25 14:29:48', NULL),
(28, 'asia', 'essam', 'asia@gmail.com', '01022600411', '1234567s', NULL, 'female', 'default.png', NULL, NULL, '2022-05-25 14:31:26', NULL),
(29, 'farida', 'essam', 'farida@gmail.com', '01022600420', '1234567j', NULL, 'female', 'default.png', NULL, NULL, '2022-05-25 14:31:26', NULL),
(30, 'essam', 'kamal', 'essam@gmail.com', '01022400413', '1234567q', NULL, 'male', 'default.png', NULL, NULL, '2022-05-25 14:33:43', NULL),
(31, 'salwa', 'ibrahim', 'salwa@gmail.com', '01022300313', '1234567x', NULL, 'female', 'default.png', NULL, NULL, '2022-05-25 14:33:43', NULL),
(72, 'mohamed', 'abdelrahman', 'mohammedhassan154@gmail.com', '01004411214', '$2y$10$sg9Ze.iybSgJZ/zZpQ9s5.8X9d//WNfMoKAvxUZLkhGjYC5zLDKQi', 806596, 'male', 'default.png', '2022-05-27 22:53:45', NULL, '2022-05-27 21:12:36', '2022-05-27 22:53:55');

-- --------------------------------------------------------

--
-- Structure for view `product_details`
--
DROP TABLE IF EXISTS `product_details`;

CREATE ALGORITHM=UNDEFINED DEFINER=`root`@`localhost` SQL SECURITY DEFINER VIEW `product_details`  AS   (select `products`.`id` AS `id`,`products`.`name_en` AS `name_en`,`products`.`name_ar` AS `name_ar`,`products`.`details_en` AS `details_en`,`products`.`details_ar` AS `details_ar`,`products`.`code` AS `code`,`products`.`quantity` AS `quantity`,`products`.`status` AS `status`,`products`.`price` AS `price`,`products`.`image` AS `image`,`products`.`subcategory_id` AS `subcategory_id`,`products`.`brand_id` AS `brand_id`,`products`.`created_at` AS `created_at`,`products`.`updated_at` AS `updated_at`,`subcategories`.`name_en` AS `subcategory_name_en`,`categories`.`name_en` AS `categories_name_en`,`categories`.`id` AS `category_id`,`brands`.`name_en` AS `brands_name_en` from (((`products` left join `brands` on(`brands`.`id` = `products`.`brand_id`)) left join `subcategories` on(`subcategories`.`id` = `products`.`subcategory_id`)) left join `categories` on(`categories`.`id` = `subcategories`.`category_id`)) order by `products`.`price`,`products`.`name_en`)  ;

--
-- Indexes for dumped tables
--

--
-- Indexes for table `addresses`
--
ALTER TABLE `addresses`
  ADD PRIMARY KEY (`id`),
  ADD KEY `users_addresses` (`user_id`),
  ADD KEY `regions_addresses` (`region_id`);

--
-- Indexes for table `admins`
--
ALTER TABLE `admins`
  ADD PRIMARY KEY (`id`),
  ADD UNIQUE KEY `email` (`email`),
  ADD UNIQUE KEY `phone` (`phone`);

--
-- Indexes for table `adresses`
--
ALTER TABLE `adresses`
  ADD PRIMARY KEY (`id`),
  ADD KEY `adresses_users_fk` (`user_id`),
  ADD KEY `adresses_region_fk` (`region_id`);

--
-- Indexes for table `brands`
--
ALTER TABLE `brands`
  ADD PRIMARY KEY (`id`);

--
-- Indexes for table `carts`
--
ALTER TABLE `carts`
  ADD PRIMARY KEY (`product_id`,`user_id`),
  ADD KEY `carts_users_fk` (`user_id`);

--
-- Indexes for table `categories`
--
ALTER TABLE `categories`
  ADD PRIMARY KEY (`id`);

--
-- Indexes for table `cities`
--
ALTER TABLE `cities`
  ADD PRIMARY KEY (`id`);

--
-- Indexes for table `complains_replies`
--
ALTER TABLE `complains_replies`
  ADD PRIMARY KEY (`id`),
  ADD KEY `complains_replies_users_fk` (`user_id`),
  ADD KEY `complains_replies_reply_fk` (`reply_id`);

--
-- Indexes for table `coupons`
--
ALTER TABLE `coupons`
  ADD PRIMARY KEY (`id`),
  ADD UNIQUE KEY `code` (`code`);

--
-- Indexes for table `favs`
--
ALTER TABLE `favs`
  ADD PRIMARY KEY (`user_id`,`product_id`),
  ADD KEY `favs_products_fk` (`product_id`);

--
-- Indexes for table `offers`
--
ALTER TABLE `offers`
  ADD PRIMARY KEY (`id`);

--
-- Indexes for table `orders`
--
ALTER TABLE `orders`
  ADD PRIMARY KEY (`id`),
  ADD UNIQUE KEY `code` (`code`),
  ADD KEY `orders_coupons_fk` (`coupon_id`),
  ADD KEY `orders_adresses_fk` (`adress_id`);

--
-- Indexes for table `orders_products`
--
ALTER TABLE `orders_products`
  ADD PRIMARY KEY (`order_id`,`product_id`),
  ADD KEY `product_id` (`product_id`);

--
-- Indexes for table `products`
--
ALTER TABLE `products`
  ADD PRIMARY KEY (`id`),
  ADD UNIQUE KEY `code` (`code`),
  ADD KEY `products_subcategories_fk` (`subcategory_id`),
  ADD KEY `products_brands_fk` (`brand_id`);

--
-- Indexes for table `products_offers`
--
ALTER TABLE `products_offers`
  ADD PRIMARY KEY (`offer_id`,`product_id`),
  ADD KEY `products_offers_products_fk` (`product_id`);

--
-- Indexes for table `products_orders`
--
ALTER TABLE `products_orders`
  ADD PRIMARY KEY (`order_id`,`product_id`),
  ADD KEY `products_orders_products_fk` (`product_id`);

--
-- Indexes for table `products_specs`
--
ALTER TABLE `products_specs`
  ADD PRIMARY KEY (`spec_id`,`product_id`),
  ADD KEY `products_specs_products_fk` (`product_id`);

--
-- Indexes for table `regions`
--
ALTER TABLE `regions`
  ADD PRIMARY KEY (`id`),
  ADD KEY `regions_cities_fk` (`city_id`);

--
-- Indexes for table `reviews`
--
ALTER TABLE `reviews`
  ADD PRIMARY KEY (`user_id`,`product_id`),
  ADD KEY `freviews_products_fk` (`product_id`);

--
-- Indexes for table `specs`
--
ALTER TABLE `specs`
  ADD PRIMARY KEY (`id`);

--
-- Indexes for table `subcategories`
--
ALTER TABLE `subcategories`
  ADD PRIMARY KEY (`id`),
  ADD KEY `subcategories_categories_fk` (`category_id`);

--
-- Indexes for table `users`
--
ALTER TABLE `users`
  ADD PRIMARY KEY (`id`),
  ADD UNIQUE KEY `email` (`email`),
  ADD UNIQUE KEY `phone` (`phone`);

--
-- AUTO_INCREMENT for dumped tables
--

--
-- AUTO_INCREMENT for table `brands`
--
ALTER TABLE `brands`
  MODIFY `id` bigint(20) UNSIGNED NOT NULL AUTO_INCREMENT, AUTO_INCREMENT=9;

--
-- AUTO_INCREMENT for table `categories`
--
ALTER TABLE `categories`
  MODIFY `id` bigint(20) UNSIGNED NOT NULL AUTO_INCREMENT, AUTO_INCREMENT=4;

--
-- AUTO_INCREMENT for table `complains_replies`
--
ALTER TABLE `complains_replies`
  MODIFY `id` bigint(20) UNSIGNED NOT NULL AUTO_INCREMENT;

--
-- AUTO_INCREMENT for table `orders`
--
ALTER TABLE `orders`
  MODIFY `id` bigint(20) UNSIGNED NOT NULL AUTO_INCREMENT;

--
-- AUTO_INCREMENT for table `products`
--
ALTER TABLE `products`
  MODIFY `id` bigint(20) UNSIGNED NOT NULL AUTO_INCREMENT, AUTO_INCREMENT=14;

--
-- AUTO_INCREMENT for table `subcategories`
--
ALTER TABLE `subcategories`
  MODIFY `id` bigint(20) UNSIGNED NOT NULL AUTO_INCREMENT, AUTO_INCREMENT=7;

--
-- AUTO_INCREMENT for table `users`
--
ALTER TABLE `users`
  MODIFY `id` bigint(20) UNSIGNED NOT NULL AUTO_INCREMENT, AUTO_INCREMENT=73;

--
-- Constraints for dumped tables
--

--
-- Constraints for table `adresses`
--
ALTER TABLE `adresses`
  ADD CONSTRAINT `adresses_region_fk` FOREIGN KEY (`region_id`) REFERENCES `regions` (`id`),
  ADD CONSTRAINT `adresses_users_fk` FOREIGN KEY (`user_id`) REFERENCES `users` (`id`);

--
-- Constraints for table `carts`
--
ALTER TABLE `carts`
  ADD CONSTRAINT `carts_products_fk` FOREIGN KEY (`product_id`) REFERENCES `products` (`id`),
  ADD CONSTRAINT `carts_users_fk` FOREIGN KEY (`user_id`) REFERENCES `users` (`id`);

--
-- Constraints for table `complains_replies`
--
ALTER TABLE `complains_replies`
  ADD CONSTRAINT `complains_replies_reply_fk` FOREIGN KEY (`reply_id`) REFERENCES `complains_replies` (`id`),
  ADD CONSTRAINT `complains_replies_users_fk` FOREIGN KEY (`user_id`) REFERENCES `users` (`id`);

--
-- Constraints for table `favs`
--
ALTER TABLE `favs`
  ADD CONSTRAINT `favs_products_fk` FOREIGN KEY (`product_id`) REFERENCES `products` (`id`),
  ADD CONSTRAINT `favs_users_fk` FOREIGN KEY (`user_id`) REFERENCES `users` (`id`);

--
-- Constraints for table `orders`
--
ALTER TABLE `orders`
  ADD CONSTRAINT `orders_adresses_fk` FOREIGN KEY (`adress_id`) REFERENCES `adresses` (`id`),
  ADD CONSTRAINT `orders_coupons_fk` FOREIGN KEY (`coupon_id`) REFERENCES `coupons` (`id`);

--
-- Constraints for table `products`
--
ALTER TABLE `products`
  ADD CONSTRAINT `products_brands_fk` FOREIGN KEY (`brand_id`) REFERENCES `brands` (`id`),
  ADD CONSTRAINT `products_subcategories_fk` FOREIGN KEY (`subcategory_id`) REFERENCES `subcategories` (`id`);

--
-- Constraints for table `products_offers`
--
ALTER TABLE `products_offers`
  ADD CONSTRAINT `products_offers__offers_fk` FOREIGN KEY (`offer_id`) REFERENCES `offers` (`id`),
  ADD CONSTRAINT `products_offers_products_fk` FOREIGN KEY (`product_id`) REFERENCES `products` (`id`);

--
-- Constraints for table `products_orders`
--
ALTER TABLE `products_orders`
  ADD CONSTRAINT `products_orders_orders_fk` FOREIGN KEY (`order_id`) REFERENCES `orders` (`id`),
  ADD CONSTRAINT `products_orders_products_fk` FOREIGN KEY (`product_id`) REFERENCES `products` (`id`);

--
-- Constraints for table `products_specs`
--
ALTER TABLE `products_specs`
  ADD CONSTRAINT `products_specs_products_fk` FOREIGN KEY (`product_id`) REFERENCES `products` (`id`),
  ADD CONSTRAINT `products_specs_specs_fk` FOREIGN KEY (`spec_id`) REFERENCES `specs` (`id`);

--
-- Constraints for table `regions`
--
ALTER TABLE `regions`
  ADD CONSTRAINT `regions_cities_fk` FOREIGN KEY (`city_id`) REFERENCES `cities` (`id`);

--
-- Constraints for table `reviews`
--
ALTER TABLE `reviews`
  ADD CONSTRAINT `freviews_products_fk` FOREIGN KEY (`product_id`) REFERENCES `products` (`id`),
  ADD CONSTRAINT `freviews_users_fk` FOREIGN KEY (`user_id`) REFERENCES `users` (`id`);

--
-- Constraints for table `subcategories`
--
ALTER TABLE `subcategories`
  ADD CONSTRAINT `subcategories_categories_fk` FOREIGN KEY (`category_id`) REFERENCES `categories` (`id`);
COMMIT;

/*!40101 SET CHARACTER_SET_CLIENT=@OLD_CHARACTER_SET_CLIENT */;
/*!40101 SET CHARACTER_SET_RESULTS=@OLD_CHARACTER_SET_RESULTS */;
/*!40101 SET COLLATION_CONNECTION=@OLD_COLLATION_CONNECTION */;
